{
    "AX": {
        "error": 0.0058225369736674346, 
        "fit": "average", 
        "value": 0.06276668652989442
    }, 
    "CDD": {
        "error": 3.432803806530823e-06, 
        "fit": "average", 
        "value": 1.0008256930161533e-05
    }, 
    "H1": {
        "error": 0.004334811449951812, 
        "fit": "average", 
        "value": -0.01704367943048378
    }, 
    "H2": {
        "error": 0.006101004100423641, 
        "fit": "average", 
        "value": 0.06854793984423818
    }, 
    "L1": {
        "error": 0.005199403071737937, 
        "fit": "average", 
        "value": 0.13550831887449952
    }, 
    "L2": {
        "error": 0.0021258667482835576, 
        "fit": "average", 
        "value": -0.04307747479778576
    }
}