{
    "Ar36": {
        "error": 0.00022323451403826852, 
        "fit": "Parabolic", 
        "value": 0.006566504455303847
    }, 
    "Ar37": {
        "error": 0.002106756172306026, 
        "fit": "linear", 
        "value": -0.039074106008665926
    }, 
    "Ar38": {
        "error": 0.005670163388686265, 
        "fit": "linear", 
        "value": 0.27063096599372893
    }, 
    "Ar39": {
        "error": 0.010855166219742262, 
        "fit": "Parabolic", 
        "value": 10.087298483248622
    }, 
    "Ar40": {
        "error": 0.05552833954535715, 
        "fit": "Parabolic", 
        "value": 1232.8117008874037
    }, 
    "Ar41": {
        "error": 0.0065805918733930656, 
        "fit": "linear", 
        "value": 0.1320680260967037
    }
}