{
    "Ar36": {
        "error": 0.00033993263921840166, 
        "fit": "Parabolic", 
        "value": 0.02181522546027729
    }, 
    "Ar37": {
        "error": 0.00224844743855144, 
        "fit": "linear", 
        "value": -0.02064493867694027
    }, 
    "Ar38": {
        "error": 0.00545016019982387, 
        "fit": "linear", 
        "value": 0.35077905633994605
    }, 
    "Ar39": {
        "error": 0.0111794443791111, 
        "fit": "Parabolic", 
        "value": 15.632082613478932
    }, 
    "Ar40": {
        "error": 0.07693469787858999, 
        "fit": "Parabolic", 
        "value": 1923.803324566576
    }, 
    "Ar41": {
        "error": 0.0060013827759431435, 
        "fit": "linear", 
        "value": 0.18337693673759392
    }
}