{
    "Ar36": {
        "error": 0.00022463996115541885, 
        "fit": "Parabolic", 
        "value": 0.00751139750344299
    }, 
    "Ar37": {
        "error": 0.0024178728758920804, 
        "fit": "linear", 
        "value": -0.016580676030915995
    }, 
    "Ar38": {
        "error": 0.00537787837215821, 
        "fit": "linear", 
        "value": 0.420859093466265
    }, 
    "Ar39": {
        "error": 0.012020636311866732, 
        "fit": "Parabolic", 
        "value": 21.813839295486446
    }, 
    "Ar40": {
        "error": 0.09032578442725014, 
        "fit": "Parabolic", 
        "value": 2671.8677731359912
    }, 
    "Ar41": {
        "error": 0.0066547166282159955, 
        "fit": "linear", 
        "value": 0.19613965026452784
    }
}