{
    "Ar36": {
        "error": 0.00023739310898986574, 
        "fit": "Parabolic", 
        "value": 0.007968700745123514
    }, 
    "Ar37": {
        "error": 0.002372533091443504, 
        "fit": "linear", 
        "value": 0.011420958685300188
    }, 
    "Ar38": {
        "error": 0.005522915262341765, 
        "fit": "linear", 
        "value": 0.32462418745320143
    }, 
    "Ar39": {
        "error": 0.011796530611956405, 
        "fit": "Parabolic", 
        "value": 13.733256290560728
    }, 
    "Ar40": {
        "error": 0.08148209778973253, 
        "fit": "Parabolic", 
        "value": 1684.0681582869179
    }, 
    "Ar41": {
        "error": 0.0061650905635718175, 
        "fit": "linear", 
        "value": 0.14764133805944615
    }
}