{
    "AX": {
        "error": 0.004588719499764889, 
        "fit": "average", 
        "value": 0.04409766331604462
    }, 
    "CDD": {
        "error": 2.0604165584295686e-05, 
        "fit": "average", 
        "value": 0.00026146571735911753
    }, 
    "H1": {
        "error": 0.004624427921141164, 
        "fit": "average", 
        "value": 0.0184495117351323
    }, 
    "H2": {
        "error": 0.0048777537061312146, 
        "fit": "average", 
        "value": 0.08138707685401897
    }, 
    "L1": {
        "error": 0.005326058735604116, 
        "fit": "average", 
        "value": 0.13414644891449914
    }, 
    "L2": {
        "error": 0.0020971165099748427, 
        "fit": "average", 
        "value": 0.0038995140010428127
    }
}