{
    "Ar36": {
        "error": 0.00016643292953693573, 
        "fit": "Parabolic", 
        "value": 0.004525766313086654
    }, 
    "Ar37": {
        "error": 0.0022429863165476416, 
        "fit": "linear", 
        "value": 0.018806076503372113
    }, 
    "Ar38": {
        "error": 0.005439187064020819, 
        "fit": "linear", 
        "value": 0.1387995542241448
    }, 
    "Ar39": {
        "error": 0.009684924337403226, 
        "fit": "Parabolic", 
        "value": 0.07193183060604397
    }, 
    "Ar40": {
        "error": 0.009118203155209977, 
        "fit": "Parabolic", 
        "value": 1.084601198424373
    }, 
    "Ar41": {
        "error": 0.006201101873344171, 
        "fit": "linear", 
        "value": 0.09623056447715875
    }
}