{
    "Ar36": {
        "error": 0.00017728920403338778, 
        "fit": "Parabolic", 
        "value": 0.00441781883597875
    }, 
    "Ar37": {
        "error": 0.0023672124016858812, 
        "fit": "linear", 
        "value": -0.06840473562692487
    }, 
    "Ar38": {
        "error": 0.005406217093607221, 
        "fit": "linear", 
        "value": 0.15173926023292625
    }, 
    "Ar39": {
        "error": 0.010263069241612641, 
        "fit": "Parabolic", 
        "value": 0.08068492574030792
    }, 
    "Ar40": {
        "error": 0.008221225217928453, 
        "fit": "Parabolic", 
        "value": 1.0732578431325988
    }, 
    "Ar41": {
        "error": 0.005691049567691293, 
        "fit": "linear", 
        "value": 0.09047460876456337
    }
}