{
    "Ar36": {
        "error": 0.00017144470197908123, 
        "fit": "Parabolic", 
        "value": 0.004201660153266659
    }, 
    "Ar37": {
        "error": 0.002496681633424621, 
        "fit": "linear", 
        "value": -0.03937821072791364
    }, 
    "Ar38": {
        "error": 0.005769998837926015, 
        "fit": "linear", 
        "value": 0.14032419066684315
    }, 
    "Ar39": {
        "error": 0.010453573540220397, 
        "fit": "Parabolic", 
        "value": 0.09032402474895293
    }, 
    "Ar40": {
        "error": 0.008421261202453036, 
        "fit": "Parabolic", 
        "value": 1.0167121723362333
    }, 
    "Ar41": {
        "error": 0.006216239450906475, 
        "fit": "linear", 
        "value": 0.08234059220083512
    }
}